{
	"class_name" : "PinholeCameraParameters",
	"extrinsic" : 
	[
		0.59688490966922692,
		0.075513155720614594,
		-0.79876540230675563,
		0.0,
		-0.10554063521401104,
		-0.97952033186184084,
		-0.17146747151542305,
		0.0,
		-0.79535500182483421,
		0.18664855419312409,
		-0.57669119838075766,
		0.0,
		-0.0017280474202626128,
		0.002153401409577569,
		0.09272495512461032,
		1.0
	],
	"intrinsic" : 
	{
		"height" : 1061,
		"intrinsic_matrix" : 
		[
			918.85295341528945,
			0.0,
			0.0,
			0.0,
			918.85295341528945,
			0.0,
			959.5,
			530.0,
			1.0
		],
		"width" : 1920
	},
	"version_major" : 1,
	"version_minor" : 0
}